filename,output
uploaded_images\lays.jpeg,"{""allergens"": [""Milk"", ""Onion"", ""Garlic""], ""pet_safe"": ""This product is not safe for pets like dogs and cats. The ingredients Onion and Garlic are toxic to pets and can cause serious health problems, including gastrointestinal upset, anemia, and even death.  Additionally, potato and powdered milk, while not as toxic, are not recommended for pets as they can cause digestive issues and weight gain."", ""regulations"": ""The ingredients are generally compliant with regulations. However, the color (190(c)) is a concern.  It refers to  carmine, a color derived from insects, which is permitted in food but has been flagged for potential allergic reactions. It is crucial to be aware of this and make an informed choice based on your individual needs and sensitivities.""}
"
uploaded_images\frooti.jpeg,"{""allergens"": [], ""pet_safe"": ""This product is not safe for pets. While the ingredients like water, sugar and mango pulp are not harmful, the artificial flavoring substances and food color can be harmful to pets. It's best to avoid feeding them any processed food drinks."", ""regulations"": ""The listed ingredients and their INS (International Numbering System) codes are generally compliant with FSSAI regulations. However, a complete verification would require checking the specific INS codes against the FSSAI's banned and restricted lists.""}
"
uploaded_images\frooti.jpeg,"{""allergens"": [""Mango""], ""pet_safe"": ""This product is not safe for pets.  Mango can cause gastrointestinal upset in dogs and cats, and the artificial coloring and sweeteners may be harmful as well.  It's best to keep this drink out of reach of pets."", ""regulations"": ""The product appears to be generally compliant with regulations.  However, the Food Colour (INS 110)  may be concerning. The FDA has issued warnings about the potential health risks of certain artificial food colors, including INS 110.  It's recommended to review the latest FDA guidelines and consider using natural food coloring for improved safety and health."", ""chronic_disease_risk"": ""The high sugar content in this drink poses a significant long-term risk for chronic diseases such as type 2 diabetes, heart disease, and some cancers.  While some ingredients like Vitamin C (INS 300) are antioxidants and may have some health benefits, the overall sugar content outweighs these positive aspects.  Limiting consumption of sugary drinks is critical for long-term health.""}
"
uploaded_images\frooti.jpeg,"{""allergens"": [""Mango"", ""Nuts""], ""pet_safe"": ""This product is not safe for pets like dogs and cats.  Mango can cause digestive upset and some dogs are allergic to it.  It is unclear what 'nature-identical flavouring substances (mango)' are and could pose a risk."", ""regulations"": ""While the product lists 'no added preservative', it does contain an antioxidant (INS 300) which acts as a preservative. This is a common practice and not concerning in itself.  The product also lists food color (INS 110) which is likely Tartrazine.  Tartrazine is an artificial food coloring and a known allergen that some individuals may react to.  There have also been concerns about Tartrazine potentially contributing to hyperactivity in some children.""}
"
uploaded_images\frooti.jpeg,"{""allergens"": [""Mango""], ""pet_safe"": ""This product is not safe for pets like dogs and cats. Mango can cause digestive upset and some dogs are allergic to it. It is unclear what 'nature-identical flavouring substances (mango)' are and could pose a risk."", ""regulations"": ""While the product lists 'no added preservative', it does contain an antioxidant (INS 300) which acts as a preservative. This is a common practice and not concerning in itself. The product also lists food color (INS 110) which is likely Tartrazine. Tartrazine is an artificial food coloring and a known allergen that some individuals may react to. There have also been concerns about Tartrazine potentially contributing to hyperactivity in some children.""}
"
